script,title,link
中国外交部.py,,
国际海事组织.py,,
世界贸易组织.py,,
日本外务省.py,,
联合国海洋法庭.py,,
国际海底管理局.py,,
战略与国际研究中心.py,,
美国国务院.py,,
美国运输部海事管理局.py,,
中国海事局.py,,
日本海上保安大学校.py,,
日本海上保安厅.py,,
太平洋岛国论坛.py,,
越南外交部.py,,
越南外交学院.py,Học viện Ngoại giao mở cổng tra cứu kết quả xét tuyển Đại học hệ chính quy năm 2025,https://www.dav.edu.vn/hoc-vien-ngoai-giao-mo-cong-tra-cuu-ket-qua-xet-tuyen-dai-hoc-he-chinh-quy-nam-2025/
中国国际电视台官微.py,#不朽的回响#穿越时空的使命再会英雄王二小,https://video.weibo.com/show?fid=1034%3A5202821631901916
中国国际电视台官微.py,#联合国确认加沙地带超万人陷入饥荒#,https://video.weibo.com/show?fid=1034%3A5202873089458187
中国国际电视台官微.py,米娜日记：当西安文物遇见上合朋友圈,https://video.weibo.com/show?fid=1034%3A5202802497486902
中国国际电视台官微.py,慢直播#夏威夷火山喷发#形成熔岩喷泉,https://video.weibo.com/show?fid=1042211%3A5202889499934830
中国国际电视台官微.py,杜立特救援——硝烟里的人性光辉,https://video.weibo.com/show?fid=1034%3A5202790048792670
中国国际电视台官微.py,在塞尔维亚高山一起舞出•藏vibe,https://video.weibo.com/show?fid=1034%3A5202759757529280
中国国际电视台官微.py,区域经贸合作加速 中国与上合组织成员国贸易规模再创新高,https://m.weibo.cn/search?containerid=231522type%3D1%26t%3D10%26q%3D%23%E4%B8%8A%E5%90%882025%23&extparam=%23%E4%B8%8A%E5%90%882025%23
中国国际电视台官微.py,#今日处暑#,https://video.weibo.com/show?fid=1034%3A5202784988102703
中国国际电视台官微.py,慢直播：从南京城市地标紫峰大厦远眺玄武湖,https://video.weibo.com/show?fid=1042211%3A5202813261905977
中国国际电视台官微.py,新西兰媒体人安柏然：西方涉藏“文化灭绝”论荒诞至极,https://video.weibo.com/show?fid=1034%3A5202788540678161
中国国际电视台官微.py,一路向上到8848,https://video.weibo.com/show?fid=1034%3A5202775966154755
中国国际电视台官微.py,慢直播云赏#青岛奥帆中心#领略丰富人文交流与富饶的自然资源,https://video.weibo.com/show?fid=1042211%3A5202790927237131
中国国际电视台官微.py,十件西藏传统服饰一起舞出·藏vibe,https://video.weibo.com/show?fid=1034%3A5202759075692668
中国国际电视台官微.py,慢直播#山河慢巡礼#感受江西庐山西海的宁静,https://video.weibo.com/show?fid=1042211%3A5202763152556073
南海之声.py,#侵华日军旗舰曾停靠的水域如今福建舰航行#,https://video.weibo.com/show?fid=1034%3A5202798325989494
南海之声.py,“天下兴亡，匹夫有责”，这群华侨奋战在世界反法西斯的战场上！,https://video.weibo.com/show?fid=1034%3A5202812148580428
南海之声.py,云端共赏阎惠昌与香港中乐团《周·秦·汉·唐》音乐会,https://weibo.com/l/wblive/p/show/1022:2321325201682736218121
南海之声.py,从厨房到舞台，#越南#歌剧的奇妙复活,https://weibo.cn/sinaurl?u=https%3A%2F%2Fvscs.cri.cn%2F20250729%2Fd400c0ac-6411-6215-95ff-fb45ffdf39d5.html
南海之声.py,受#台风剑鱼#影响琼州海峡客滚运输将停运,https://m.weibo.cn/search?containerid=231522type%3D1%26t%3D10%26q%3D%23%E5%8D%97%E6%B5%B7%E7%89%B9%E5%BF%AB%23&isnewpage=1
南海之声.py,受南海热带低压影响,国家海洋预报台发布海浪黄色预警
南海之声.py,#今年第号台风即将生成#,https://m.weibo.cn/search?containerid=231522type%3D1%26t%3D10%26q%3D%23%E4%BB%8A%E5%B9%B4%E7%AC%AC13%E5%8F%B7%E5%8F%B0%E9%A3%8E%E5%8D%B3%E5%B0%86%E7%94%9F%E6%88%90%23&extparam=%23%E4%BB%8A%E5%B9%B4%E7%AC%AC13%E5%8F%B7%E5%8F%B0%E9%A3%8E%E5%8D%B3%E5%B0%86%E7%94%9F%E6%88%90%23
南海之声.py,,https://m.weibo.cn/search?containerid=231522type%3D1%26t%3D10%26q%3D%23%E6%97%A9%E5%AE%89%E5%8D%97%E6%B5%B7%23&isnewpage=1
海事服务网.py,,
